{"sunnypower":{"uid":"sunnypower","nick":"sunnypower","u":"sunnypower@msgr.yoursunny.com","photo":"http:\/\/your9.sunny\/images\/photo.jpg"},"aaaa":{"uid":"aaaa","nick":"aaaa","u":null,"photo":"http:\/\/your9.sunny\/images\/photo.jpg"},"bb":{"uid":"bb","nick":"bb","u":"bb@msgr.yoursunny.com","photo":"http:\/\/your9.sunny\/images\/photo.jpg"},"hello":{"uid":"hello","nick":"hello","u":null,"photo":"http:\/\/your9.sunny\/images\/photo.jpg"},"dmz":{"uid":"dmz","nick":"dmz","u":null,"photo":"http:\/\/your9.sunny\/images\/photo.jpg"},"kmp":{"uid":"kmp","nick":"kmp","u":null,"photo":"http:\/\/your9.sunny\/images\/photo.jpg"},"aaa2":{"uid":"aaa2","nick":"aaa2","u":null,"photo":"http:\/\/your9.sunny\/images\/photo.jpg"},"aaa1":{"uid":"aaa1","nick":"aaa1","u":null,"photo":"http:\/\/your9.sunny\/images\/photo.jpg"},"aaa3":{"uid":"aaa3","nick":"aaa3","u":null,"photo":"http:\/\/your9.sunny\/images\/photo.jpg"},"aaa4":{"uid":"aaa4","nick":"aaa4","u":"aaa4@msgr.yoursunny.com","photo":"http:\/\/your9.sunny\/images\/photo.jpg"},"aaa5":{"uid":"aaa5","nick":"aaa5","u":"aaa5@msgr.yoursunny.com","photo":"http:\/\/your9.sunny\/images\/photo.jpg"},"aaa6":{"uid":"aaa6","nick":"aaa6","u":"aaa6@msgr.yoursunny.com","photo":"http:\/\/your9.sunny\/images\/photo.jpg"},"aaa7":{"uid":"aaa7","nick":"aaa7","u":"aaa7@msgr.yoursunny.com","photo":"http:\/\/your9.sunny\/images\/photo.jpg"},"aaa8":{"uid":"aaa8","nick":"aaa8","u":"aaa8@msgr.yoursunny.com","photo":"http:\/\/your9.sunny\/images\/photo.jpg"},"aaa0":{"uid":"aaa0","nick":"aaa0","u":"aaa0@msgr.yoursunny.com","photo":"http:\/\/your9.sunny\/images\/photo.jpg"},"aaa9":{"uid":"aaa9","nick":"aaa9","u":"aaa9@msgr.yoursunny.com","photo":"http:\/\/your9.sunny\/images\/photo.jpg"},"aaab":{"uid":"aaab","nick":"aaab","u":"aaab@msgr.yoursunny.com","photo":"http:\/\/your9.sunny\/images\/photo.jpg"}}