{"bbbb":{"uid":"bbbb","nick":"bbbb","u":"bbbb@msgr.yoursunny.com","photo":"http:\/\/your9.sunny\/images\/photo.jpg"},"a":{"uid":"a","nick":"a","u":"aaaa@msgr.yoursunny.com","photo":"http:\/\/your9.sunny\/images\/photo.jpg"},"":{"uid":null,"nick":null,"u":null,"photo":"http:\/\/your9.sunny\/images\/photo.jpg"},"hi":{"uid":"hi","nick":"hi","u":"hi@msgr.yoursunny.com","photo":"http:\/\/your9.sunny\/images\/photo.jpg"},"ho":{"uid":"ho","nick":"ho","u":"ho@msgr.yoursunny.com","photo":"http:\/\/your9.sunny\/images\/photo.jpg"}}